{
	"Restricted_x" : 100,
	"Restricted_y" : 100,
	"Restricted_w" : 800,
	"Restricted_h" : 800,
	"SelfHeroes" : [2001, 2002],
	"OppoHeroes" : [1007],
	"SpawnAreaWidth" : 1000,
	"SelfTowers" : [0.4, 0.4, 1, 0.4, 0.5, 2, 0.4, 0.6, 3],
	"OppoTowers" : [0.6, 0.4, 1, 0.6, 0.5, 2, 0.6, 0.6, 3],
	"SelfCreeps" : [0.3, 0.4, 0.6, 0.4, 20, 10, 1, 0.3, 0.6, 0.6, 0.6, 50, 11, 1, 0.3, 0.5, 0.6, 0.5, 100, 12, 1],
	"OppoCreeps" : [0.7, 0.4, 0.4, 0.4, 20, 10, 1, 0.7, 0.6, 0.4, 0.6, 50, 11, 1, 0.7, 0.5, 0.4, 0.5, 100, 12, 1]
}
